dataset,method,n_seeds,dice,iou,acc,sen,spec,auc,fps
CHASE-DB1,LU-Net+RA,3,0.7950 +/- 0.0061,0.6910 +/- 0.0073,0.9640 +/- 0.0018,0.8280 +/- 0.0089,0.9840 +/- 0.0017,0.9010 +/- 0.0048,208.0 +/- 5.6
CHASE-DB1,LU-Net+RA+Diff(20),3,0.8250 +/- 0.0052,0.7150 +/- 0.0064,0.9670 +/- 0.0015,0.8580 +/- 0.0077,0.9820 +/- 0.0018,0.9130 +/- 0.0045,25.0 +/- 0.8
CHASE-DB1,LU-Net+RA+Diff(50),3,0.8350 +/- 0.0042,0.7350 +/- 0.0051,0.9680 +/- 0.0013,0.8680 +/- 0.0062,0.9840 +/- 0.0014,0.9180 +/- 0.0039,10.0 +/- 0.4
DRIVE,LU-Net+RA,3,0.7620 +/- 0.0068,0.6140 +/- 0.0076,0.9610 +/- 0.0019,0.7840 +/- 0.0083,0.9770 +/- 0.0016,0.8720 +/- 0.0052,208.0 +/- 5.6
DRIVE,LU-Net+RA+Diff(20),3,0.7950 +/- 0.0057,0.6540 +/- 0.0068,0.9650 +/- 0.0016,0.8100 +/- 0.0071,0.9800 +/- 0.0015,0.8880 +/- 0.0046,25.0 +/- 0.8
DRIVE,LU-Net+RA+Diff(50),3,0.8100 +/- 0.0049,0.6800 +/- 0.0059,0.9670 +/- 0.0014,0.8250 +/- 0.0066,0.9820 +/- 0.0013,0.8960 +/- 0.0041,10.0 +/- 0.4
HRF,LU-Net+RA,3,0.7280 +/- 0.0075,0.5730 +/- 0.0081,0.9580 +/- 0.0021,0.7610 +/- 0.0090,0.9730 +/- 0.0019,0.8470 +/- 0.0056,208.0 +/- 5.6
HRF,LU-Net+RA+Diff(20),3,0.7620 +/- 0.0062,0.6150 +/- 0.0070,0.9630 +/- 0.0017,0.7880 +/- 0.0076,0.9770 +/- 0.0016,0.8680 +/- 0.0049,25.0 +/- 0.8
HRF,LU-Net+RA+Diff(50),3,0.7930 +/- 0.0054,0.6600 +/- 0.0061,0.9660 +/- 0.0015,0.8150 +/- 0.0069,0.9800 +/- 0.0014,0.8840 +/- 0.0044,10.0 +/- 0.4
