dataset,seed,method,valid_for_main_table,threshold,K,noise_strength,num_steps,guidance_scale,dice,iou,acc,sen,spec,auc,time_ms,fps
CHASE-DB1,42,AE reconstruction (GT input; sanity only),NO,0.5,5,0.5,0,1.5,0.999862790107727,0.9997255802154541,0.9999809265136719,0.9997255802154541,1.0,0.9999999451037331,nan,nan
CHASE-DB1,42,AE reconstruction (GT input; sanity only),NO,0.5,5,0.5,0,1.5,0.9999497532844543,0.9998995065689087,0.9999923706054688,0.9998995065689087,1.0,0.9999999970965002,nan,nan
CHASE-DB1,42,Baseline coarse mask,YES,0.5,5,0.5,0,1.5,0.8178000450134277,0.6917612552642822,0.9753379821777344,0.7962353229522705,0.9887176752090454,0.892476512391499,nan,nan
CHASE-DB1,42,Baseline coarse mask,YES,0.5,5,0.5,0,1.5,0.7785102725028992,0.6373448967933655,0.9691123962402344,0.7148957252502441,0.9900016188621521,0.8524486824078473,nan,nan
CHASE-DB1,42,LU-Net+RA+Diff(20),YES,0.5,5,0.5,20,1.5,0.4559275507926941,0.2952759861946106,0.9479866027832031,0.3135221302509308,0.9953837990760803,0.9059582865532769,504.0417000418529,1.9839628346562703
CHASE-DB1,42,LU-Net+RA+Diff(20),YES,0.5,5,0.5,20,1.5,0.41809871792793274,0.2643013894557953,0.9412269592285156,0.2780708372592926,0.9957190752029419,0.8822163003202336,504.0417000418529,1.9839628346562703
CHASE-DB1,42,LU-Net+RA+Diff(50),YES,0.5,5,0.5,50,1.5,0.2190934717655182,0.12302356213331223,0.9344100952148438,0.13236746191978455,0.9943260550498962,0.8001242938775316,1172.2756499657407,0.8530416886414254
CHASE-DB1,42,LU-Net+RA+Diff(50),YES,0.5,5,0.5,50,1.5,0.19521676003932953,0.10816632211208344,0.9273452758789062,0.11605124175548553,0.9940100312232971,0.7718143477929911,1172.2756499657407,0.8530416886414254
CHASE-DB1,42,AE reconstruction (GT input; sanity only),NO,0.5,5,0.5,0,1.5,0.9997645020484924,0.9995291233062744,0.9999618530273438,0.9996703267097473,0.9999875426292419,0.9999999921806013,nan,nan
CHASE-DB1,42,AE reconstruction (GT input; sanity only),NO,0.5,5,0.5,0,1.5,0.9998044967651367,0.999609112739563,0.999969482421875,0.9997556805610657,0.9999876022338867,0.9999999769498576,nan,nan
CHASE-DB1,42,Baseline coarse mask,YES,0.5,5,0.5,0,1.5,0.7537863850593567,0.6048612594604492,0.9649620056152344,0.6621456146240234,0.9916524887084961,0.8268990499262617,nan,nan
CHASE-DB1,42,Baseline coarse mask,YES,0.5,5,0.5,0,1.5,0.7393139004707336,0.5864377617835999,0.9632415771484375,0.6677091717720032,0.9882654547691345,0.827987311389986,nan,nan
CHASE-DB1,42,LU-Net+RA+Diff(20),YES,0.5,5,0.5,20,1.5,0.37462592124938965,0.2304859757423401,0.9354286193847656,0.23876801133155823,0.9968328475952148,0.8604464719415132,464.1445999732241,2.154500989686595
CHASE-DB1,42,LU-Net+RA+Diff(20),YES,0.5,5,0.5,20,1.5,0.36062684655189514,0.21997849643230438,0.9363441467285156,0.22996482253074646,0.9961560964584351,0.8608317604037504,464.1445999732241,2.154500989686595
CHASE-DB1,42,LU-Net+RA+Diff(50),YES,0.5,5,0.5,50,1.5,0.18678520619869232,0.1030132845044136,0.9232368469238281,0.1088348850607872,0.9950188994407654,0.749226427485652,1243.8272000290453,0.8039701977707582
CHASE-DB1,42,LU-Net+RA+Diff(50),YES,0.5,5,0.5,50,1.5,0.19497503340244293,0.1080179214477539,0.9255638122558594,0.11547107249498367,0.9941575527191162,0.7615911846485599,1243.8272000290453,0.8039701977707582
CHASE-DB1,42,AE reconstruction (GT input; sanity only),NO,0.5,5,0.5,0,1.5,0.9997809529304504,0.9995620250701904,0.9999656677246094,0.9996106624603271,0.9999958872795105,0.9999999905320076,nan,nan
CHASE-DB1,42,AE reconstruction (GT input; sanity only),NO,0.5,5,0.5,0,1.5,0.9998990297317505,0.9997979998588562,0.9999847412109375,0.999848484992981,0.9999958872795105,0.9999999989581334,nan,nan
CHASE-DB1,42,Baseline coarse mask,YES,0.5,5,0.5,0,1.5,0.7543719410896301,0.6056157350540161,0.9659767150878906,0.6665693521499634,0.9914402961730957,0.8290048099595055,nan,nan
CHASE-DB1,42,Baseline coarse mask,YES,0.5,5,0.5,0,1.5,0.7393284440040588,0.5864560604095459,0.9648475646972656,0.6599000096321106,0.9897664785385132,0.8248332506081866,nan,nan
CHASE-DB1,42,LU-Net+RA+Diff(20),YES,0.5,5,0.5,20,1.5,0.34468019008636475,0.20822574198246002,0.9356689453125,0.21584659814834595,0.9968873858451843,0.8589623338724829,485.9816499520093,2.057690861576255
CHASE-DB1,42,LU-Net+RA+Diff(20),YES,0.5,5,0.5,20,1.5,0.375098317861557,0.2308436930179596,0.9393844604492188,0.24082209169864655,0.9964677691459656,0.8628481281979561,485.9816499520093,2.057690861576255
CHASE-DB1,42,LU-Net+RA+Diff(50),YES,0.5,5,0.5,50,1.5,0.1796482354402542,0.0986887514591217,0.9252700805664062,0.10439480096101761,0.9950827360153198,0.7527810727348139,1184.80864999583,0.8440181458866962
CHASE-DB1,42,LU-Net+RA+Diff(50),YES,0.5,5,0.5,50,1.5,0.17608001828193665,0.09653933346271515,0.9271011352539062,0.10311569273471832,0.9944334626197815,0.747650472066439,1184.80864999583,0.8440181458866962
CHASE-DB1,42,AE reconstruction (GT input; sanity only),NO,0.5,5,0.5,0,1.5,0.9999757409095764,0.9999514222145081,0.9999961853027344,0.9999514222145081,1.0,1.0,nan,nan
CHASE-DB1,42,AE reconstruction (GT input; sanity only),NO,0.5,5,0.5,0,1.5,0.9999253749847412,0.9998507499694824,0.9999885559082031,0.9999502301216125,0.9999917149543762,0.9999999562186423,nan,nan
CHASE-DB1,42,Baseline coarse mask,YES,0.5,5,0.5,0,1.5,0.7702385187149048,0.626331627368927,0.9664154052734375,0.7166027426719666,0.9877127408981323,0.8521577344176898,nan,nan
CHASE-DB1,42,Baseline coarse mask,YES,0.5,5,0.5,0,1.5,0.7438443303108215,0.5921593904495239,0.9659500122070312,0.6447761058807373,0.9926211833953857,0.8186986478590177,nan,nan
CHASE-DB1,42,LU-Net+RA+Diff(20),YES,0.5,5,0.5,20,1.5,0.4137127101421356,0.2608056664466858,0.9386100769042969,0.27572476863861084,0.9951232075691223,0.8819946313969557,477.90845000417903,2.0924509704552317
CHASE-DB1,42,LU-Net+RA+Diff(20),YES,0.5,5,0.5,20,1.5,0.3953818380832672,0.24640244245529175,0.9398689270019531,0.2564179003238678,0.9966245889663696,0.8564665665409628,477.90845000417903,2.0924509704552317
CHASE-DB1,42,LU-Net+RA+Diff(50),YES,0.5,5,0.5,50,1.5,0.2146579772233963,0.12023353576660156,0.926422119140625,0.12800465524196625,0.9944897890090942,0.7801227153368617,1075.0149000086822,0.9302196648548068
CHASE-DB1,42,LU-Net+RA+Diff(50),YES,0.5,5,0.5,50,1.5,0.1830473691225052,0.10074415802955627,0.9271659851074219,0.10641790926456451,0.9953231811523438,0.747668110752611,1075.0149000086822,0.9302196648548068
CHASE-DB1,42,AE reconstruction (GT input; sanity only),NO,0.5,5,0.5,0,1.5,0.9999518990516663,0.9999037981033325,0.9999923706054688,0.9999037981033325,1.0,0.9999999990038002,nan,nan
CHASE-DB1,42,AE reconstruction (GT input; sanity only),NO,0.5,5,0.5,0,1.5,0.9998201727867126,0.9996404051780701,0.999969482421875,0.9997302889823914,0.9999916553497314,0.9999999782648962,nan,nan
CHASE-DB1,42,Baseline coarse mask,YES,0.5,5,0.5,0,1.5,0.753632664680481,0.6046633124351501,0.9653968811035156,0.6671475172042847,0.9910958409309387,0.8291216866873677,nan,nan
CHASE-DB1,42,Baseline coarse mask,YES,0.5,5,0.5,0,1.5,0.7791502475738525,0.6382032632827759,0.9661712646484375,0.7031509876251221,0.9905626177787781,0.8468568015530572,nan,nan
CHASE-DB1,42,LU-Net+RA+Diff(20),YES,0.5,5,0.5,20,1.5,0.3678727149963379,0.2253946214914322,0.9363517761230469,0.23345835506916046,0.9969173073768616,0.8652743727931045,451.81669999146834,2.21328693697883
CHASE-DB1,42,LU-Net+RA+Diff(20),YES,0.5,5,0.5,20,1.5,0.401328980922699,0.25103914737701416,0.9340133666992188,0.2606194019317627,0.9964609742164612,0.8789764242775473,451.81669999146834,2.21328693697883
CHASE-DB1,42,LU-Net+RA+Diff(50),YES,0.5,5,0.5,50,1.5,0.19609615206718445,0.10870654881000519,0.9253730773925781,0.11473359912633896,0.9952226877212524,0.7571371383605903,1194.5433999644592,0.8371399482260357
CHASE-DB1,42,LU-Net+RA+Diff(50),YES,0.5,5,0.5,50,1.5,0.19758357107639313,0.10962148755788803,0.9196891784667969,0.11651009321212769,0.9941725134849548,0.7689667709853527,1194.5433999644592,0.8371399482260357
CHASE-DB1,42,AE reconstruction (GT input; sanity only),NO,0.5,5,0.5,0,1.5,0.9998489022254944,0.9996978640556335,0.9999771118164062,0.999748170375824,0.9999958872795105,0.999999998960687,nan,nan
CHASE-DB1,42,AE reconstruction (GT input; sanity only),NO,0.5,5,0.5,0,1.5,0.9997699856758118,0.9995400309562683,0.9999656677246094,0.9996421933174133,0.999991774559021,0.9999999917826544,nan,nan
CHASE-DB1,42,Baseline coarse mask,YES,0.5,5,0.5,0,1.5,0.7604687213897705,0.613513171672821,0.9676399230957031,0.6781828999519348,0.9913614988327026,0.8347722185883777,nan,nan
CHASE-DB1,42,Baseline coarse mask,YES,0.5,5,0.5,0,1.5,0.771777331829071,0.6283692121505737,0.9675483703613281,0.7351903915405273,0.9862890243530273,0.8607396968811044,nan,nan
CHASE-DB1,42,LU-Net+RA+Diff(20),YES,0.5,5,0.5,20,1.5,0.38385334610939026,0.23751145601272583,0.9397354125976562,0.24783441424369812,0.9964381456375122,0.8599797025134158,447.00524996733293,2.2371101907037554
CHASE-DB1,42,LU-Net+RA+Diff(20),YES,0.5,5,0.5,20,1.5,0.38698631525039673,0.23991507291793823,0.939910888671875,0.25412726402282715,0.9952221512794495,0.8833386748011254,447.00524996733293,2.2371101907037554
CHASE-DB1,42,LU-Net+RA+Diff(50),YES,0.5,5,0.5,50,1.5,0.20314565300941467,0.11305626481771469,0.9286842346191406,0.12001410126686096,0.9949564337730408,0.7641061303988599,1123.839650012087,0.8898066552370214
CHASE-DB1,42,LU-Net+RA+Diff(50),YES,0.5,5,0.5,50,1.5,0.22253994643688202,0.12520109117031097,0.929473876953125,0.13524150848388672,0.9935320019721985,0.7855644321980054,1123.839650012087,0.8898066552370214
CHASE-DB1,42,AE reconstruction (GT input; sanity only),NO,0.5,5,0.5,0,1.5,0.999829113483429,0.9996582269668579,0.9999732971191406,0.999804675579071,0.9999876022338867,0.9999999549409158,nan,nan
CHASE-DB1,42,AE reconstruction (GT input; sanity only),NO,0.5,5,0.5,0,1.5,0.9998247623443604,0.9996495842933655,0.9999732971191406,0.999699592590332,0.9999958872795105,0.999999995658559,nan,nan
CHASE-DB1,42,Baseline coarse mask,YES,0.5,5,0.5,0,1.5,0.7711458206176758,0.6275323629379272,0.9657745361328125,0.7381219863891602,0.9850661158561707,0.8615940412582009,nan,nan
CHASE-DB1,42,Baseline coarse mask,YES,0.5,5,0.5,0,1.5,0.7498801946640015,0.5998466610908508,0.9621696472167969,0.7442675232887268,0.9801420569419861,0.8622047983930086,nan,nan
CHASE-DB1,42,LU-Net+RA+Diff(20),YES,0.5,5,0.5,20,1.5,0.40307411551475525,0.2524062693119049,0.9377784729003906,0.26890960335731506,0.9944592714309692,0.8763084430377308,505.68840000778437,1.9775023512198548
CHASE-DB1,42,LU-Net+RA+Diff(20),YES,0.5,5,0.5,20,1.5,0.41192910075187683,0.25938960909843445,0.938995361328125,0.28041455149650574,0.9933146238327026,0.8824314228350678,505.68840000778437,1.9775023512198548
CHASE-DB1,42,LU-Net+RA+Diff(50),YES,0.5,5,0.5,50,1.5,0.20635896921157837,0.11505032330751419,0.9262046813964844,0.12280873209238052,0.9942854642868042,0.7777472991127795,1185.001400008332,0.8438808595441059
CHASE-DB1,42,LU-Net+RA+Diff(50),YES,0.5,5,0.5,50,1.5,0.1994573175907135,0.11077622324228287,0.9268455505371094,0.11960548907518387,0.9934260845184326,0.7734423294073848,1185.001400008332,0.8438808595441059
CHASE-DB1,42,AE reconstruction (GT input; sanity only),NO,0.5,5,0.5,0,1.5,0.9999704957008362,0.9999410510063171,0.9999961853027344,0.9999410510063171,1.0,0.9999999997595316,nan,nan
CHASE-DB1,42,AE reconstruction (GT input; sanity only),NO,0.5,5,0.5,0,1.5,0.9999699592590332,0.9999399781227112,0.9999961853027344,0.9999399781227112,1.0,1.0,nan,nan
CHASE-DB1,42,Baseline coarse mask,YES,0.5,5,0.5,0,1.5,0.7535368800163269,0.6045400500297546,0.9643135070800781,0.843169629573822,0.9726938605308533,0.90793174491551,nan,nan
CHASE-DB1,42,Baseline coarse mask,YES,0.5,5,0.5,0,1.5,0.8135899305343628,0.6857577562332153,0.9755744934082031,0.8390176296234131,0.9848384857177734,0.9119280698546586,nan,nan
CHASE-DB1,42,LU-Net+RA+Diff(20),YES,0.5,5,0.5,20,1.5,0.48544371128082275,0.32051876187324524,0.9496345520019531,0.36719533801078796,0.9899259209632874,0.9162171024128231,456.70520002022386,2.18959626462698
CHASE-DB1,42,LU-Net+RA+Diff(20),YES,0.5,5,0.5,20,1.5,0.4690299332141876,0.30636125802993774,0.9522895812988281,0.331692099571228,0.9943907856941223,0.9176673402911716,456.70520002022386,2.18959626462698
CHASE-DB1,42,LU-Net+RA+Diff(50),YES,0.5,5,0.5,50,1.5,0.21348528563976288,0.11949819326400757,0.9368133544921875,0.13253936171531677,0.9924505352973938,0.7956002907497879,1095.7769500091672,0.9125944837511266
CHASE-DB1,42,LU-Net+RA+Diff(50),YES,0.5,5,0.5,50,1.5,0.21083353459835052,0.11783897131681442,0.9391441345214844,0.12795725464820862,0.9941748976707458,0.8054200670696212,1095.7769500091672,0.9125944837511266
CHASE-DB1,42,AE reconstruction (GT input; sanity only),NO,0.5,5,0.5,0,1.5,1.0,1.0,1.0,1.0,1.0,1.0,nan,nan
CHASE-DB1,42,AE reconstruction (GT input; sanity only),NO,0.5,5,0.5,0,1.5,0.9998886585235596,0.9997773170471191,0.9999885559082031,0.9998515248298645,0.9999960064888,0.9999999988059252,nan,nan
CHASE-DB1,42,Baseline coarse mask,YES,0.5,5,0.5,0,1.5,0.7961709499359131,0.6613655090332031,0.9778251647949219,0.8561840057373047,0.9843059182167053,0.9202449768951103,nan,nan
CHASE-DB1,42,Baseline coarse mask,YES,0.5,5,0.5,0,1.5,0.7971836924552917,0.662764310836792,0.9784622192382812,0.8236953616142273,0.9868462085723877,0.9052707625390098,nan,nan
CHASE-DB1,42,LU-Net+RA+Diff(20),YES,0.5,5,0.5,20,1.5,0.4461005628108978,0.28708457946777344,0.9597396850585938,0.3205128312110901,0.9937962889671326,0.913995239000291,464.5110999699682,2.1528010849787065
CHASE-DB1,42,LU-Net+RA+Diff(20),YES,0.5,5,0.5,20,1.5,0.4227336347103119,0.26801663637161255,0.95904541015625,0.2918120324611664,0.995190441608429,0.9014239708192628,464.5110999699682,2.1528010849787065
CHASE-DB1,42,LU-Net+RA+Diff(50),YES,0.5,5,0.5,50,1.5,0.2252187430858612,0.12689943611621857,0.95068359375,0.14170438051223755,0.9937842488288879,0.8183249776625784,1197.8567499900237,0.8348243644395112
CHASE-DB1,42,LU-Net+RA+Diff(50),YES,0.5,5,0.5,50,1.5,0.23256905376911163,0.13158592581748962,0.9500770568847656,0.14720511436462402,0.9935698509216309,0.8074798716988035,1197.8567499900237,0.8348243644395112
CHASE-DB1,42,AE reconstruction (GT input; sanity only),NO,0.5,5,0.5,0,1.5,0.9998478293418884,0.9996956586837769,0.9999809265136719,0.9998173713684082,0.9999918341636658,0.9999999955408265,nan,nan
CHASE-DB1,42,AE reconstruction (GT input; sanity only),NO,0.5,5,0.5,0,1.5,0.9996611475944519,0.9993224740028381,0.9999580383300781,0.999630331993103,0.9999796748161316,0.9999999571580388,nan,nan
CHASE-DB1,42,Baseline coarse mask,YES,0.5,5,0.5,0,1.5,0.7541599273681641,0.6053425073623657,0.9645500183105469,0.8676649332046509,0.9710275530815125,0.9193462449872399,nan,nan
CHASE-DB1,42,Baseline coarse mask,YES,0.5,5,0.5,0,1.5,0.7644591331481934,0.6187242269515991,0.9689445495605469,0.8139362931251526,0.9791755676269531,0.896555928416828,nan,nan
CHASE-DB1,42,LU-Net+RA+Diff(20),YES,0.5,5,0.5,20,1.5,0.44653671979904175,0.28744593262672424,0.9490966796875,0.3276722729206085,0.9906436800956726,0.917776192528373,450.31140005448833,2.2206855075820835
CHASE-DB1,42,LU-Net+RA+Diff(20),YES,0.5,5,0.5,20,1.5,0.44763222336769104,0.2883544862270355,0.95123291015625,0.3191423714160919,0.9929527640342712,0.8967257505691962,450.31140005448833,2.2206855075820835
CHASE-DB1,42,LU-Net+RA+Diff(50),YES,0.5,5,0.5,50,1.5,0.23518237471580505,0.133261576294899,0.938568115234375,0.15071828663349152,0.9912419319152832,0.8117410918931698,1148.4203499858268,0.8707613026992612
CHASE-DB1,42,LU-Net+RA+Diff(50),YES,0.5,5,0.5,50,1.5,0.21639083325862885,0.12132188677787781,0.9398536682128906,0.13412605226039886,0.9930341243743896,0.7997091499583324,1148.4203499858268,0.8707613026992612
CHASE-DB1,42,AE reconstruction (GT input; sanity only),NO,0.5,5,0.5,0,1.5,0.9998924732208252,0.9997849464416504,0.9999885559082031,0.9999282956123352,0.9999919533729553,0.9999999982666993,nan,nan
CHASE-DB1,42,AE reconstruction (GT input; sanity only),NO,0.5,5,0.5,0,1.5,0.9998927116394043,0.9997854232788086,0.9999885559082031,0.9999284744262695,0.9999919533729553,0.9999999945234426,nan,nan
CHASE-DB1,42,Baseline coarse mask,YES,0.5,5,0.5,0,1.5,0.8255588412284851,0.7029376029968262,0.9804420471191406,0.8698644638061523,0.9866557717323303,0.9282601241686556,nan,nan
CHASE-DB1,42,Baseline coarse mask,YES,0.5,5,0.5,0,1.5,0.8070758581161499,0.6765525937080383,0.9778671264648438,0.8680973052978516,0.9840508699417114,0.9260740757087144,nan,nan
CHASE-DB1,42,LU-Net+RA+Diff(20),YES,0.5,5,0.5,20,1.5,0.44904032349586487,0.2895241975784302,0.95904541015625,0.3136875331401825,0.9953101873397827,0.9230892767001573,446.10820000525564,2.2416086500723793
CHASE-DB1,42,LU-Net+RA+Diff(20),YES,0.5,5,0.5,20,1.5,0.5017855167388916,0.3349223732948303,0.9606170654296875,0.3718883991241455,0.9937823414802551,0.9211620270885981,446.10820000525564,2.2416086500723793
CHASE-DB1,42,LU-Net+RA+Diff(50),YES,0.5,5,0.5,50,1.5,0.25065362453460693,0.1432841569185257,0.94970703125,0.1580985188484192,0.9941900968551636,0.8268117035120023,1113.4880500030704,0.8980787894376079
CHASE-DB1,42,LU-Net+RA+Diff(50),YES,0.5,5,0.5,50,1.5,0.2206171303987503,0.12398519366979599,0.94854736328125,0.13655221462249756,0.9942900538444519,0.8224778121021497,1113.4880500030704,0.8980787894376079
CHASE-DB1,42,AE reconstruction (GT input; sanity only),NO,0.5,5,0.5,0,1.5,0.9999201893806458,0.9998403787612915,0.9999885559082031,0.9998936057090759,0.9999958872795105,0.9999999975950865,nan,nan
CHASE-DB1,42,AE reconstruction (GT input; sanity only),NO,0.5,5,0.5,0,1.5,0.9998451471328735,0.9996903538703918,0.9999771118164062,0.999793529510498,0.999991774559021,0.9999999938342816,nan,nan
CHASE-DB1,42,Baseline coarse mask,YES,0.5,5,0.5,0,1.5,0.7815189957618713,0.6413878798484802,0.9670791625976562,0.8211853504180908,0.978347897529602,0.8997666194943313,nan,nan
CHASE-DB1,42,Baseline coarse mask,YES,0.5,5,0.5,0,1.5,0.7977084517478943,0.6634899973869324,0.9683456420898438,0.8444823026657104,0.9782304167747498,0.9113563598592019,nan,nan
CHASE-DB1,42,LU-Net+RA+Diff(20),YES,0.5,5,0.5,20,1.5,0.46568283438682556,0.30351147055625916,0.9446144104003906,0.3366141617298126,0.9915758371353149,0.9053513784761524,446.3326500263065,2.2404813986632184
CHASE-DB1,42,LU-Net+RA+Diff(20),YES,0.5,5,0.5,20,1.5,0.4494152069091797,0.28983592987060547,0.942535400390625,0.31733250617980957,0.9924290776252747,0.9136389200707693,446.3326500263065,2.2404813986632184
CHASE-DB1,42,LU-Net+RA+Diff(50),YES,0.5,5,0.5,50,1.5,0.20662647485733032,0.11521664261817932,0.9312171936035156,0.12492019683122635,0.9934949278831482,0.7954833178003902,1069.7399500058964,0.9348066322048532
CHASE-DB1,42,LU-Net+RA+Diff(50),YES,0.5,5,0.5,50,1.5,0.2253890335559845,0.12700757384300232,0.9301223754882812,0.13755548000335693,0.9933723211288452,0.8089709617371293,1069.7399500058964,0.9348066322048532
CHASE-DB1,42,AE reconstruction (GT input; sanity only),NO,0.5,5,0.5,0,1.5,0.9999379515647888,0.9998759627342224,0.9999923706054688,0.9999379515647888,0.9999959468841553,0.999999999243728,nan,nan
CHASE-DB1,42,AE reconstruction (GT input; sanity only),NO,0.5,5,0.5,0,1.5,0.9999697208404541,0.9999394416809082,0.9999961853027344,1.0,0.9999959468841553,0.9999999990141106,nan,nan
CHASE-DB1,42,Baseline coarse mask,YES,0.5,5,0.5,0,1.5,0.7871990203857422,0.6490752100944519,0.9733657836914062,0.8009178638458252,0.9846678972244263,0.8927928997791706,nan,nan
CHASE-DB1,42,Baseline coarse mask,YES,0.5,5,0.5,0,1.5,0.7797307372093201,0.6389825344085693,0.9714126586914062,0.8030027747154236,0.9827379584312439,0.8928703843023568,nan,nan
CHASE-DB1,42,LU-Net+RA+Diff(20),YES,0.5,5,0.5,20,1.5,0.4380679428577423,0.28046542406082153,0.9521141052246094,0.3034606873989105,0.9946264624595642,0.9025400048504264,443.19840002572164,2.256325834980369
CHASE-DB1,42,LU-Net+RA+Diff(20),YES,0.5,5,0.5,20,1.5,0.4234439432621002,0.2685879170894623,0.9497528076171875,0.29283207654953003,0.9939298033714294,0.9032345331032461,443.19840002572164,2.256325834980369
CHASE-DB1,42,LU-Net+RA+Diff(50),YES,0.5,5,0.5,50,1.5,0.20908953249454498,0.11675041168928146,0.9403190612792969,0.12825602293014526,0.9935411810874939,0.7887980516102635,1053.840600012336,0.9489101103034884
CHASE-DB1,42,LU-Net+RA+Diff(50),YES,0.5,5,0.5,50,1.5,0.21150058507919312,0.11825589090585709,0.93890380859375,0.13003996014595032,0.9932987689971924,0.7941111640096638,1053.840600012336,0.9489101103034884
CHASE-DB1,42,AE reconstruction (GT input; sanity only),NO,0.5,5,0.5,0,1.5,0.9999446868896484,0.9998893737792969,0.9999923706054688,1.0,0.9999918341636658,0.9999999997733338,nan,nan
CHASE-DB1,42,AE reconstruction (GT input; sanity only),NO,0.5,5,0.5,0,1.5,0.9998697638511658,0.9997395873069763,0.9999847412109375,0.9999349117279053,0.9999878406524658,0.9999999986807068,nan,nan
CHASE-DB1,42,Baseline coarse mask,YES,0.5,5,0.5,0,1.5,0.8138436079025269,0.6861183047294617,0.9740028381347656,0.824131429195404,0.9851025342941284,0.9046169787122655,nan,nan
CHASE-DB1,42,Baseline coarse mask,YES,0.5,5,0.5,0,1.5,0.7850398421287537,0.6461445093154907,0.9733390808105469,0.8310216665267944,0.9821951985359192,0.9066084281388744,nan,nan
CHASE-DB1,42,LU-Net+RA+Diff(20),YES,0.5,5,0.5,20,1.5,0.4431171417236328,0.28461816906929016,0.9470062255859375,0.3057645559310913,0.9944974184036255,0.9149455121079788,443.4187500155531,2.255204589262237
CHASE-DB1,42,LU-Net+RA+Diff(20),YES,0.5,5,0.5,20,1.5,0.4644811153411865,0.30249130725860596,0.9548225402832031,0.33444032073020935,0.9934275150299072,0.9168288853159454,443.4187500155531,2.255204589262237
CHASE-DB1,42,LU-Net+RA+Diff(50),YES,0.5,5,0.5,50,1.5,0.21087966859340668,0.11786779016256332,0.9345359802246094,0.12685328722000122,0.9943540096282959,0.8015476743341035,1067.8588500013575,0.9364533524245539
CHASE-DB1,42,LU-Net+RA+Diff(50),YES,0.5,5,0.5,50,1.5,0.21826045215129852,0.122498519718647,0.9434623718261719,0.13472683727741241,0.9937881827354431,0.8103725858847434,1067.8588500013575,0.9364533524245539
CHASE-DB1,123,AE reconstruction (GT input; sanity only),NO,0.5,5,0.5,0,1.5,0.9998353719711304,0.9996707439422607,0.9999771118164062,0.9997255802154541,0.9999958872795105,0.9999999698520502,nan,nan
CHASE-DB1,123,AE reconstruction (GT input; sanity only),NO,0.5,5,0.5,0,1.5,0.999849259853363,0.9996986389160156,0.9999771118164062,0.999849259853363,0.9999876022338867,0.9999999941930006,nan,nan
CHASE-DB1,123,Baseline coarse mask,YES,0.5,5,0.5,0,1.5,0.8178000450134277,0.6917612552642822,0.9753379821777344,0.7962353229522705,0.9887176752090454,0.892476512391499,nan,nan
CHASE-DB1,123,Baseline coarse mask,YES,0.5,5,0.5,0,1.5,0.7785102725028992,0.6373448967933655,0.9691123962402344,0.7148957252502441,0.9900016188621521,0.8524486824078473,nan,nan
CHASE-DB1,123,LU-Net+RA+Diff(20),YES,0.5,5,0.5,20,1.5,0.1890047788619995,0.10436514019966125,0.9365234375,0.10640983283519745,0.9985364079475403,0.9039947495689498,442.2469999990426,2.261179838420984
CHASE-DB1,123,LU-Net+RA+Diff(20),YES,0.5,5,0.5,20,1.5,0.1794273406267166,0.09855543822050095,0.9302520751953125,0.10042703151702881,0.9984395503997803,0.8832902896239831,442.2469999990426,2.261179838420984
CHASE-DB1,123,LU-Net+RA+Diff(50),YES,0.5,5,0.5,50,1.5,0.46016860008239746,0.29884350299835205,0.9000892639160156,0.6126111149787903,0.9215651154518127,0.8666550093544094,1047.7865500142798,0.9543928579598311
CHASE-DB1,123,LU-Net+RA+Diff(50),YES,0.5,5,0.5,50,1.5,0.43815481662750244,0.2805366516113281,0.886260986328125,0.5840743780136108,0.9110919237136841,0.8370465641685431,1047.7865500142798,0.9543928579598311
CHASE-DB1,123,AE reconstruction (GT input; sanity only),NO,0.5,5,0.5,0,1.5,0.999811589717865,0.9996232986450195,0.999969482421875,0.9997645020484924,0.9999875426292419,0.9999999882709022,nan,nan
CHASE-DB1,123,AE reconstruction (GT input; sanity only),NO,0.5,5,0.5,0,1.5,0.9998778104782104,0.9997556805610657,0.9999809265136719,0.9998045563697815,0.9999958872795105,0.9999999943385615,nan,nan
CHASE-DB1,123,Baseline coarse mask,YES,0.5,5,0.5,0,1.5,0.7537863850593567,0.6048612594604492,0.9649620056152344,0.6621456146240234,0.9916524887084961,0.8268990499262617,nan,nan
CHASE-DB1,123,Baseline coarse mask,YES,0.5,5,0.5,0,1.5,0.7393139004707336,0.5864377617835999,0.9632415771484375,0.6677091717720032,0.9882654547691345,0.827987311389986,nan,nan
CHASE-DB1,123,LU-Net+RA+Diff(20),YES,0.5,5,0.5,20,1.5,0.15414951741695404,0.08351138234138489,0.9247283935546875,0.08467552065849304,0.9987713098526001,0.8622839420514224,665.3970499755815,1.5028620881873427
CHASE-DB1,123,LU-Net+RA+Diff(20),YES,0.5,5,0.5,20,1.5,0.17003338038921356,0.0929161086678505,0.9279022216796875,0.09460516273975372,0.9984607696533203,0.8645457526036471,665.3970499755815,1.5028620881873427
CHASE-DB1,123,LU-Net+RA+Diff(50),YES,0.5,5,0.5,50,1.5,0.44133493304252625,0.2831493020057678,0.8880577087402344,0.5458698272705078,0.9182184338569641,0.8238408943848419,1159.7160499659367,0.8622800383157344
CHASE-DB1,123,LU-Net+RA+Diff(50),YES,0.5,5,0.5,50,1.5,0.4280959963798523,0.272342324256897,0.8826560974121094,0.5625977516174316,0.9097567200660706,0.822592539103232,1159.7160499659367,0.8622800383157344
CHASE-DB1,123,AE reconstruction (GT input; sanity only),NO,0.5,5,0.5,0,1.5,0.9997809529304504,0.9995620250701904,0.9999656677246094,0.9997079968452454,0.9999876022338867,0.9999999842871615,nan,nan
CHASE-DB1,123,AE reconstruction (GT input; sanity only),NO,0.5,5,0.5,0,1.5,0.999823272228241,0.9996465444564819,0.9999732971191406,0.9997475147247314,0.999991774559021,0.9999999964576535,nan,nan
CHASE-DB1,123,Baseline coarse mask,YES,0.5,5,0.5,0,1.5,0.7543719410896301,0.6056157350540161,0.9659767150878906,0.6665693521499634,0.9914402961730957,0.8290048099595055,nan,nan
CHASE-DB1,123,Baseline coarse mask,YES,0.5,5,0.5,0,1.5,0.7393284440040588,0.5864560604095459,0.9648475646972656,0.6599000096321106,0.9897664785385132,0.8248332506081866,nan,nan
CHASE-DB1,123,LU-Net+RA+Diff(20),YES,0.5,5,0.5,20,1.5,0.1687900871038437,0.09217408299446106,0.927825927734375,0.09349296987056732,0.9987831115722656,0.8705730309342867,447.7021499769762,2.2336278707873674
CHASE-DB1,123,LU-Net+RA+Diff(20),YES,0.5,5,0.5,20,1.5,0.16667422652244568,0.09091358631849289,0.9299278259277344,0.09276372194290161,0.9983370304107666,0.8709437721606682,447.7021499769762,2.2336278707873674
CHASE-DB1,123,LU-Net+RA+Diff(50),YES,0.5,5,0.5,50,1.5,0.43350496888160706,0.2767356336116791,0.88836669921875,0.5449457168579102,0.9175734519958496,0.8298551167576815,1041.4208000293002,0.9602266441882716
CHASE-DB1,123,LU-Net+RA+Diff(50),YES,0.5,5,0.5,50,1.5,0.41785600781440735,0.26410743594169617,0.8819007873535156,0.5610765814781189,0.9081170558929443,0.8276299867100557,1041.4208000293002,0.9602266441882716
CHASE-DB1,123,AE reconstruction (GT input; sanity only),NO,0.5,5,0.5,0,1.5,0.9999028444290161,0.999805748462677,0.9999847412109375,0.999805748462677,1.0,1.0,nan,nan
CHASE-DB1,123,AE reconstruction (GT input; sanity only),NO,0.5,5,0.5,0,1.5,0.9999253749847412,0.9998507499694824,0.9999885559082031,0.9998507499694824,1.0,0.9999999993833613,nan,nan
CHASE-DB1,123,Baseline coarse mask,YES,0.5,5,0.5,0,1.5,0.7702385187149048,0.626331627368927,0.9664154052734375,0.7166027426719666,0.9877127408981323,0.8521577344176898,nan,nan
CHASE-DB1,123,Baseline coarse mask,YES,0.5,5,0.5,0,1.5,0.7438443303108215,0.5921593904495239,0.9659500122070312,0.6447761058807373,0.9926211833953857,0.8186986478590177,nan,nan
CHASE-DB1,123,LU-Net+RA+Diff(20),YES,0.5,5,0.5,20,1.5,0.18504022061824799,0.10195279121398926,0.9277229309082031,0.10445296764373779,0.9979093670845032,0.8830313037394598,469.79159995680675,2.1286034064720214
CHASE-DB1,123,LU-Net+RA+Diff(20),YES,0.5,5,0.5,20,1.5,0.1534900665283203,0.08312441408634186,0.9288482666015625,0.08412935584783554,0.9989960789680481,0.8617781510635252,469.79159995680675,2.1286034064720214
CHASE-DB1,123,LU-Net+RA+Diff(50),YES,0.5,5,0.5,50,1.5,0.4457158148288727,0.2867659628391266,0.889495849609375,0.5655805468559265,0.9171106815338135,0.8362766363083344,1040.629600000102,0.9609567131281889
CHASE-DB1,123,LU-Net+RA+Diff(50),YES,0.5,5,0.5,50,1.5,0.4305128753185272,0.2743016183376312,0.8876228332519531,0.5539801120758057,0.9153294563293457,0.8229888729165726,1040.629600000102,0.9609567131281889
CHASE-DB1,123,AE reconstruction (GT input; sanity only),NO,0.5,5,0.5,0,1.5,0.9997835755348206,0.9995672106742859,0.9999656677246094,0.9995672106742859,1.0,0.9999999912334409,nan,nan
CHASE-DB1,123,AE reconstruction (GT input; sanity only),NO,0.5,5,0.5,0,1.5,0.9997527599334717,0.9995055794715881,0.9999580383300781,0.9995954632759094,0.9999916553497314,0.9999999797638689,nan,nan
CHASE-DB1,123,Baseline coarse mask,YES,0.5,5,0.5,0,1.5,0.753632664680481,0.6046633124351501,0.9653968811035156,0.6671475172042847,0.9910958409309387,0.8291216866873677,nan,nan
CHASE-DB1,123,Baseline coarse mask,YES,0.5,5,0.5,0,1.5,0.7791502475738525,0.6382032632827759,0.9661712646484375,0.7031509876251221,0.9905626177787781,0.8468568015530572,nan,nan
CHASE-DB1,123,LU-Net+RA+Diff(20),YES,0.5,5,0.5,20,1.5,0.1600838005542755,0.08700602501630783,0.9265861511230469,0.08819003403186798,0.9988273978233337,0.8657227571852847,474.1793000139296,2.108906904984304
CHASE-DB1,123,LU-Net+RA+Diff(20),YES,0.5,5,0.5,20,1.5,0.17407482862472534,0.09533513337373734,0.9221000671386719,0.09673214703798294,0.9986410737037659,0.8786331093201056,474.1793000139296,2.108906904984304
CHASE-DB1,123,LU-Net+RA+Diff(50),YES,0.5,5,0.5,50,1.5,0.4371437430381775,0.27970823645591736,0.8836021423339844,0.5697730183601379,0.9106435775756836,0.8290428211280564,1154.6454000053927,0.866066759539621
CHASE-DB1,123,LU-Net+RA+Diff(50),YES,0.5,5,0.5,50,1.5,0.46359676122665405,0.3017416000366211,0.8881988525390625,0.5692902207374573,0.9177730679512024,0.8407015465554422,1154.6454000053927,0.866066759539621
CHASE-DB1,123,AE reconstruction (GT input; sanity only),NO,0.5,5,0.5,0,1.5,0.9998740553855896,0.999748170375824,0.9999809265136719,0.999748170375824,1.0,0.9999999987528245,nan,nan
CHASE-DB1,123,AE reconstruction (GT input; sanity only),NO,0.5,5,0.5,0,1.5,0.9998722076416016,0.9997444748878479,0.9999809265136719,0.9997955560684204,0.9999958872795105,0.9999999985250918,nan,nan
CHASE-DB1,123,Baseline coarse mask,YES,0.5,5,0.5,0,1.5,0.7604687213897705,0.613513171672821,0.9676399230957031,0.6781828999519348,0.9913614988327026,0.8347722185883777,nan,nan
CHASE-DB1,123,Baseline coarse mask,YES,0.5,5,0.5,0,1.5,0.771777331829071,0.6283692121505737,0.9675483703613281,0.7351903915405273,0.9862890243530273,0.8607396968811044,nan,nan
CHASE-DB1,123,LU-Net+RA+Diff(20),YES,0.5,5,0.5,20,1.5,0.15787309408187866,0.08570153266191483,0.9296760559082031,0.08702658861875534,0.9987329244613647,0.8647505816851615,470.35780001897365,2.1260410690747795
CHASE-DB1,123,LU-Net+RA+Diff(20),YES,0.5,5,0.5,20,1.5,0.2015295922756195,0.11205610632896423,0.9318962097167969,0.11515461653470993,0.9977697730064392,0.8863083635615854,470.35780001897365,2.1260410690747795
CHASE-DB1,123,LU-Net+RA+Diff(50),YES,0.5,5,0.5,50,1.5,0.4293774664402008,0.27338042855262756,0.8854179382324219,0.5691478848457336,0.9113368988037109,0.8242477541062605,1081.52649999829,0.9246190453970208
CHASE-DB1,123,LU-Net+RA+Diff(50),YES,0.5,5,0.5,50,1.5,0.44675949215888977,0.2876305878162384,0.8891868591308594,0.5994888544082642,0.9125521779060364,0.849348811758708,1081.52649999829,0.9246190453970208
CHASE-DB1,123,AE reconstruction (GT input; sanity only),NO,0.5,5,0.5,0,1.5,0.9998779296875,0.999755859375,0.9999809265136719,0.999755859375,1.0,1.0,nan,nan
CHASE-DB1,123,AE reconstruction (GT input; sanity only),NO,0.5,5,0.5,0,1.5,0.9997245669364929,0.9994493126869202,0.9999580383300781,0.999549388885498,0.9999917149543762,0.9999999871824121,nan,nan
CHASE-DB1,123,Baseline coarse mask,YES,0.5,5,0.5,0,1.5,0.7711458206176758,0.6275323629379272,0.9657745361328125,0.7381219863891602,0.9850661158561707,0.8615940412582009,nan,nan
CHASE-DB1,123,Baseline coarse mask,YES,0.5,5,0.5,0,1.5,0.7498801946640015,0.5998466610908508,0.9621696472167969,0.7442675232887268,0.9801420569419861,0.8622047983930086,nan,nan
CHASE-DB1,123,LU-Net+RA+Diff(20),YES,0.5,5,0.5,20,1.5,0.19130060076713562,0.10576694458723068,0.9283676147460938,0.10845255851745605,0.9978482723236084,0.8803743944552869,620.0384999974631,1.6128030759446252
CHASE-DB1,123,LU-Net+RA+Diff(20),YES,0.5,5,0.5,20,1.5,0.18145090341567993,0.09977784007787704,0.92889404296875,0.10343446582555771,0.9969773292541504,0.8863301127614058,620.0384999974631,1.6128030759446252
CHASE-DB1,123,LU-Net+RA+Diff(50),YES,0.5,5,0.5,50,1.5,0.43960171937942505,0.2817240357398987,0.8872871398925781,0.56589674949646,0.9145221710205078,0.8344599398560033,1213.61259999685,0.8239861715366136
CHASE-DB1,123,LU-Net+RA+Diff(50),YES,0.5,5,0.5,50,1.5,0.44186994433403015,0.2835898995399475,0.8902854919433594,0.5699909925460815,0.9167031645774841,0.8395426171543756,1213.61259999685,0.8239861715366136
CHASE-DB1,123,AE reconstruction (GT input; sanity only),NO,0.5,5,0.5,0,1.5,0.9999410510063171,0.9998821020126343,0.9999923706054688,0.9999410510063171,0.9999959468841553,0.9999999973548466,nan,nan
CHASE-DB1,123,AE reconstruction (GT input; sanity only),NO,0.5,5,0.5,0,1.5,0.9999099373817444,0.9998198747634888,0.9999885559082031,0.9998198747634888,1.0,1.0,nan,nan
CHASE-DB1,123,Baseline coarse mask,YES,0.5,5,0.5,0,1.5,0.7535368800163269,0.6045400500297546,0.9643135070800781,0.843169629573822,0.9726938605308533,0.90793174491551,nan,nan
CHASE-DB1,123,Baseline coarse mask,YES,0.5,5,0.5,0,1.5,0.8135899305343628,0.6857577562332153,0.9755744934082031,0.8390176296234131,0.9848384857177734,0.9119280698546586,nan,nan
CHASE-DB1,123,LU-Net+RA+Diff(20),YES,0.5,5,0.5,20,1.5,0.2127196192741394,0.11901860684156418,0.9393196105957031,0.1267024278640747,0.9955339431762695,0.9059110634766636,455.3789999918081,2.195973024706869
CHASE-DB1,123,LU-Net+RA+Diff(20),YES,0.5,5,0.5,20,1.5,0.2153174728155136,0.12064749002456665,0.9423904418945312,0.12441455572843552,0.9978817701339722,0.9149216097622925,455.3789999918081,2.195973024706869
CHASE-DB1,123,LU-Net+RA+Diff(50),YES,0.5,5,0.5,50,1.5,0.43365541100502014,0.27685824036598206,0.8906669616699219,0.6469547748565674,0.9075261950492859,0.8678620928590974,1123.9962499821559,0.8896826835640027
CHASE-DB1,123,LU-Net+RA+Diff(50),YES,0.5,5,0.5,50,1.5,0.44584470987319946,0.2868727147579193,0.8986854553222656,0.641527533531189,0.9161310195922852,0.8786001110079882,1123.9962499821559,0.8896826835640027
CHASE-DB1,123,AE reconstruction (GT input; sanity only),NO,0.5,5,0.5,0,1.5,0.9998868703842163,0.9997738003730774,0.9999885559082031,0.9998491406440735,0.9999960064888,0.9999999957578353,nan,nan
CHASE-DB1,123,AE reconstruction (GT input; sanity only),NO,0.5,5,0.5,0,1.5,0.9998515248298645,0.9997031092643738,0.9999847412109375,0.9997773170471191,0.9999960064888,0.999999997014813,nan,nan
CHASE-DB1,123,Baseline coarse mask,YES,0.5,5,0.5,0,1.5,0.7961709499359131,0.6613655090332031,0.9778251647949219,0.8561840057373047,0.9843059182167053,0.9202449768951103,nan,nan
CHASE-DB1,123,Baseline coarse mask,YES,0.5,5,0.5,0,1.5,0.7971836924552917,0.662764310836792,0.9784622192382812,0.8236953616142273,0.9868462085723877,0.9052707625390098,nan,nan
CHASE-DB1,123,LU-Net+RA+Diff(20),YES,0.5,5,0.5,20,1.5,0.18419840931892395,0.10144192725419998,0.9526939392089844,0.10558069497346878,0.9978262782096863,0.9112436065425624,488.9909999910742,2.045027413629808
CHASE-DB1,123,LU-Net+RA+Diff(20),YES,0.5,5,0.5,20,1.5,0.1629452407360077,0.08869917690753937,0.9519500732421875,0.09101031720638275,0.998588502407074,0.892755741164249,488.9909999910742,2.045027413629808
CHASE-DB1,123,LU-Net+RA+Diff(50),YES,0.5,5,0.5,50,1.5,0.4057718515396118,0.2545256018638611,0.9037017822265625,0.6499999761581421,0.9172184467315674,0.8802289113928862,1086.6576000116765,0.9202530769482996
CHASE-DB1,123,LU-Net+RA+Diff(50),YES,0.5,5,0.5,50,1.5,0.3910124599933624,0.24301771819591522,0.8982620239257812,0.6355875730514526,0.912491500377655,0.8639716676470575,1086.6576000116765,0.9202530769482996
CHASE-DB1,123,AE reconstruction (GT input; sanity only),NO,0.5,5,0.5,0,1.5,0.9999086856842041,0.9998173713684082,0.9999885559082031,0.9998173713684082,1.0,1.0,nan,nan
CHASE-DB1,123,AE reconstruction (GT input; sanity only),NO,0.5,5,0.5,0,1.5,0.9998459815979004,0.9996919631958008,0.9999809265136719,0.9998151659965515,0.9999918937683105,0.999999988224724,nan,nan
CHASE-DB1,123,Baseline coarse mask,YES,0.5,5,0.5,0,1.5,0.7541599273681641,0.6053425073623657,0.9645500183105469,0.8676649332046509,0.9710275530815125,0.9193462449872399,nan,nan
CHASE-DB1,123,Baseline coarse mask,YES,0.5,5,0.5,0,1.5,0.7644591331481934,0.6187242269515991,0.9689445495605469,0.8139362931251526,0.9791755676269531,0.896555928416828,nan,nan
CHASE-DB1,123,LU-Net+RA+Diff(20),YES,0.5,5,0.5,20,1.5,0.22572705149650574,0.12722228467464447,0.9411964416503906,0.13677866756916046,0.9949779510498047,0.91405496489475,444.9635000200942,2.2473753464156965
CHASE-DB1,123,LU-Net+RA+Diff(20),YES,0.5,5,0.5,20,1.5,0.21979980170726776,0.12346914410591125,0.9432106018066406,0.12919721007347107,0.9969379305839539,0.8957014956060798,444.9635000200942,2.2473753464156965
CHASE-DB1,123,LU-Net+RA+Diff(50),YES,0.5,5,0.5,50,1.5,0.4269329607486725,0.27140161395072937,0.8909759521484375,0.6480399370193481,0.9072180986404419,0.8730560328341117,1055.3134999936447,0.9475857174252222
CHASE-DB1,123,LU-Net+RA+Diff(50),YES,0.5,5,0.5,50,1.5,0.4153940677642822,0.26214343309402466,0.8874092102050781,0.6460477113723755,0.9033398032188416,0.8613228847091081,1055.3134999936447,0.9475857174252222
CHASE-DB1,123,AE reconstruction (GT input; sanity only),NO,0.5,5,0.5,0,1.5,0.9998565912246704,0.9997131824493408,0.9999847412109375,0.9997131824493408,1.0,0.9999999942223309,nan,nan
CHASE-DB1,123,AE reconstruction (GT input; sanity only),NO,0.5,5,0.5,0,1.5,0.9999284744262695,0.9998569488525391,0.9999923706054688,0.9998569488525391,1.0,0.9999999999999999,nan,nan
CHASE-DB1,123,Baseline coarse mask,YES,0.5,5,0.5,0,1.5,0.8255588412284851,0.7029376029968262,0.9804420471191406,0.8698644638061523,0.9866557717323303,0.9282601241686556,nan,nan
CHASE-DB1,123,Baseline coarse mask,YES,0.5,5,0.5,0,1.5,0.8070758581161499,0.6765525937080383,0.9778671264648438,0.8680973052978516,0.9840508699417114,0.9260740757087144,nan,nan
CHASE-DB1,123,LU-Net+RA+Diff(20),YES,0.5,5,0.5,20,1.5,0.15836229920387268,0.08598992973566055,0.9501266479492188,0.08819101005792618,0.9985616207122803,0.9117939976961988,439.8642500163987,2.2734286770582486
CHASE-DB1,123,LU-Net+RA+Diff(20),YES,0.5,5,0.5,20,1.5,0.14506033062934875,0.07820218801498413,0.9494590759277344,0.08040057122707367,0.9984163641929626,0.8996567737671468,439.8642500163987,2.2734286770582486
CHASE-DB1,123,LU-Net+RA+Diff(50),YES,0.5,5,0.5,50,1.5,0.405595064163208,0.2543864846229553,0.9027366638183594,0.6237183809280396,0.9184156060218811,0.8721116695038618,1057.3061000322923,0.9457998965195207
CHASE-DB1,123,LU-Net+RA+Diff(50),YES,0.5,5,0.5,50,1.5,0.4108447730541229,0.25853028893470764,0.9055824279785156,0.6173104643821716,0.9218218326568604,0.8688105168246878,1057.3061000322923,0.9457998965195207
CHASE-DB1,123,AE reconstruction (GT input; sanity only),NO,0.5,5,0.5,0,1.5,0.9999734163284302,0.9999467730522156,0.9999961853027344,0.9999467730522156,1.0,0.9999999997813716,nan,nan
CHASE-DB1,123,AE reconstruction (GT input; sanity only),NO,0.5,5,0.5,0,1.5,0.9999225735664368,0.9998451471328735,0.9999885559082031,0.9998451471328735,1.0,0.9999999961730024,nan,nan
CHASE-DB1,123,Baseline coarse mask,YES,0.5,5,0.5,0,1.5,0.7815189957618713,0.6413878798484802,0.9670791625976562,0.8211853504180908,0.978347897529602,0.8997666194943313,nan,nan
CHASE-DB1,123,Baseline coarse mask,YES,0.5,5,0.5,0,1.5,0.7977084517478943,0.6634899973869324,0.9683456420898438,0.8444823026657104,0.9782304167747498,0.9113563598592019,nan,nan
CHASE-DB1,123,LU-Net+RA+Diff(20),YES,0.5,5,0.5,20,1.5,0.217215895652771,0.12184083461761475,0.9341239929199219,0.12747393548488617,0.9964289665222168,0.9038760998968274,438.3555999957025,2.281252937135521
CHASE-DB1,123,LU-Net+RA+Diff(20),YES,0.5,5,0.5,20,1.5,0.23823824524879456,0.1352272778749466,0.9332313537597656,0.14127181470394135,0.9964328408241272,0.9134616945752381,438.3555999957025,2.281252937135521
CHASE-DB1,123,LU-Net+RA+Diff(50),YES,0.5,5,0.5,50,1.5,0.4450421929359436,0.28620854020118713,0.8906021118164062,0.6117790937423706,0.9121381640434265,0.8547344829320278,1086.7127500241622,0.9202063746631902
CHASE-DB1,123,LU-Net+RA+Diff(50),YES,0.5,5,0.5,50,1.5,0.4529140293598175,0.2927529811859131,0.8891716003417969,0.6207287907600403,0.9105944037437439,0.8627686989771657,1086.7127500241622,0.9202063746631902
CHASE-DB1,123,AE reconstruction (GT input; sanity only),NO,0.5,5,0.5,0,1.5,0.9998759627342224,0.9997519254684448,0.9999847412109375,0.9998139142990112,0.9999959468841553,0.9999999989916373,nan,nan
CHASE-DB1,123,AE reconstruction (GT input; sanity only),NO,0.5,5,0.5,0,1.5,1.0,1.0,1.0,1.0,1.0,1.0,nan,nan
CHASE-DB1,123,Baseline coarse mask,YES,0.5,5,0.5,0,1.5,0.7871990203857422,0.6490752100944519,0.9733657836914062,0.8009178638458252,0.9846678972244263,0.8927928997791706,nan,nan
CHASE-DB1,123,Baseline coarse mask,YES,0.5,5,0.5,0,1.5,0.7797307372093201,0.6389825344085693,0.9714126586914062,0.8030027747154236,0.9827379584312439,0.8928703843023568,nan,nan
CHASE-DB1,123,LU-Net+RA+Diff(20),YES,0.5,5,0.5,20,1.5,0.19558359682559967,0.10839160531759262,0.9435806274414062,0.11151079088449478,0.9981139898300171,0.9020508894303841,615.2137499884702,1.62545131674762
CHASE-DB1,123,LU-Net+RA+Diff(20),YES,0.5,5,0.5,20,1.5,0.1998850703239441,0.11104016751050949,0.9415779113769531,0.11581305414438248,0.9971094131469727,0.9028180521399377,615.2137499884702,1.62545131674762
CHASE-DB1,123,LU-Net+RA+Diff(50),YES,0.5,5,0.5,50,1.5,0.42427554726600647,0.26925745606422424,0.8954887390136719,0.6260853409767151,0.9131452441215515,0.8609349588943955,1197.0243999967352,0.8354048589174351
CHASE-DB1,123,LU-Net+RA+Diff(50),YES,0.5,5,0.5,50,1.5,0.42851099371910095,0.27267831563949585,0.8969573974609375,0.6130887269973755,0.9160471558570862,0.8588909329760872,1197.0243999967352,0.8354048589174351
CHASE-DB1,123,AE reconstruction (GT input; sanity only),NO,0.5,5,0.5,0,1.5,0.9999723434448242,0.9999446868896484,0.9999961853027344,0.9999446868896484,1.0,0.9999999997733336,nan,nan
CHASE-DB1,123,AE reconstruction (GT input; sanity only),NO,0.5,5,0.5,0,1.5,1.0,1.0,1.0,1.0,1.0,1.0,nan,nan
CHASE-DB1,123,Baseline coarse mask,YES,0.5,5,0.5,0,1.5,0.8138436079025269,0.6861183047294617,0.9740028381347656,0.824131429195404,0.9851025342941284,0.9046169787122655,nan,nan
CHASE-DB1,123,Baseline coarse mask,YES,0.5,5,0.5,0,1.5,0.7850398421287537,0.6461445093154907,0.9733390808105469,0.8310216665267944,0.9821951985359192,0.9066084281388744,nan,nan
CHASE-DB1,123,LU-Net+RA+Diff(20),YES,0.5,5,0.5,20,1.5,0.18337157368659973,0.10094060748815536,0.9361915588378906,0.1038946658372879,0.9978325963020325,0.9096838841602022,485.1659499690868,2.061150416808345
CHASE-DB1,123,LU-Net+RA+Diff(20),YES,0.5,5,0.5,20,1.5,0.19011536240577698,0.10504280775785446,0.9453659057617188,0.10946148633956909,0.9973823428153992,0.9087135561753097,485.1659499690868,2.061150416808345
CHASE-DB1,123,LU-Net+RA+Diff(50),YES,0.5,5,0.5,50,1.5,0.4476383626461029,0.2883595824241638,0.89605712890625,0.6108099222183228,0.9171829223632812,0.8673246090153472,1271.3968000025488,0.7865365085062312
CHASE-DB1,123,LU-Net+RA+Diff(50),YES,0.5,5,0.5,50,1.5,0.4170602560043335,0.26347196102142334,0.8921775817871094,0.65839684009552,0.9067252278327942,0.8761899239833227,1271.3968000025488,0.7865365085062312
CHASE-DB1,2026,AE reconstruction (GT input; sanity only),NO,0.5,5,0.5,0,1.5,0.999670684337616,0.999341607093811,0.9999542236328125,0.9996158480644226,0.9999794960021973,0.99999997367679,nan,nan
CHASE-DB1,2026,AE reconstruction (GT input; sanity only),NO,0.5,5,0.5,0,1.5,0.9997236728668213,0.9994475245475769,0.9999580383300781,0.9997488260269165,0.9999752044677734,0.9999999854825014,nan,nan
CHASE-DB1,2026,Baseline coarse mask,YES,0.5,5,0.5,0,1.5,0.8178000450134277,0.6917612552642822,0.9753379821777344,0.7962353229522705,0.9887176752090454,0.892476512391499,nan,nan
CHASE-DB1,2026,Baseline coarse mask,YES,0.5,5,0.5,0,1.5,0.7785102725028992,0.6373448967933655,0.9691123962402344,0.7148957252502441,0.9900016188621521,0.8524486824078473,nan,nan
CHASE-DB1,2026,LU-Net+RA+Diff(20),YES,0.5,5,0.5,20,1.5,0.4646802246570587,0.3026602268218994,0.9499015808105469,0.31280869245529175,0.9974951148033142,0.939158043477827,494.3807999952696,2.022732274411887
CHASE-DB1,2026,LU-Net+RA+Diff(20),YES,0.5,5,0.5,20,1.5,0.4058544933795929,0.25459063053131104,0.941619873046875,0.26259732246398926,0.9974157810211182,0.9128386962108672,494.3807999952696,2.022732274411887
CHASE-DB1,2026,LU-Net+RA+Diff(50),YES,0.5,5,0.5,50,1.5,0.05721854418516159,0.029451867565512657,0.9321174621582031,0.02963450737297535,0.9995367527008057,0.8095628585433239,1105.629500001669,0.9044621186378353
CHASE-DB1,2026,LU-Net+RA+Diff(50),YES,0.5,5,0.5,50,1.5,0.03879880532622337,0.019783183932304382,0.9251518249511719,0.019894499331712723,0.9995376467704773,0.782662988509071,1105.629500001669,0.9044621186378353
CHASE-DB1,2026,AE reconstruction (GT input; sanity only),NO,0.5,5,0.5,0,1.5,0.9993876814842224,0.9987760782241821,0.9999008178710938,0.999199390411377,0.9999626278877258,0.9999998420481488,nan,nan
CHASE-DB1,2026,AE reconstruction (GT input; sanity only),NO,0.5,5,0.5,0,1.5,0.9995356202125549,0.9990716576576233,0.9999275207519531,0.9992181658744812,0.9999876022338867,0.9999999559216576,nan,nan
CHASE-DB1,2026,Baseline coarse mask,YES,0.5,5,0.5,0,1.5,0.7537863850593567,0.6048612594604492,0.9649620056152344,0.6621456146240234,0.9916524887084961,0.8268990499262617,nan,nan
CHASE-DB1,2026,Baseline coarse mask,YES,0.5,5,0.5,0,1.5,0.7393139004707336,0.5864377617835999,0.9632415771484375,0.6677091717720032,0.9882654547691345,0.827987311389986,nan,nan
CHASE-DB1,2026,LU-Net+RA+Diff(20),YES,0.5,5,0.5,20,1.5,0.39142411947250366,0.2433357983827591,0.9376296997070312,0.24762174487113953,0.9984475374221802,0.8949384279444004,463.9939999906346,2.155200282805778
CHASE-DB1,2026,LU-Net+RA+Diff(20),YES,0.5,5,0.5,20,1.5,0.3710891902446747,0.22781431674957275,0.9381942749023438,0.23358091711997986,0.9978566765785217,0.8951070524636122,463.9939999906346,2.155200282805778
CHASE-DB1,2026,LU-Net+RA+Diff(50),YES,0.5,5,0.5,50,1.5,0.04196317866444588,0.021431250497698784,0.9203987121582031,0.02152208797633648,0.9996263980865479,0.7673004732960755,1115.248350019101,0.8966612683021434
CHASE-DB1,2026,LU-Net+RA+Diff(50),YES,0.5,5,0.5,50,1.5,0.05014902725815773,0.02571941539645195,0.9234123229980469,0.025899140164256096,0.9994083046913147,0.7755396963364541,1115.248350019101,0.8966612683021434
CHASE-DB1,2026,AE reconstruction (GT input; sanity only),NO,0.5,5,0.5,0,1.5,0.9993670582771301,0.9987348914146423,0.9999008178710938,0.9989779591560364,0.9999793171882629,0.9999999355370732,nan,nan
CHASE-DB1,2026,AE reconstruction (GT input; sanity only),NO,0.5,5,0.5,0,1.5,0.9997727274894714,0.9995456337928772,0.9999656677246094,0.9997475147247314,0.9999834895133972,0.9999999856222408,nan,nan
CHASE-DB1,2026,Baseline coarse mask,YES,0.5,5,0.5,0,1.5,0.7543719410896301,0.6056157350540161,0.9659767150878906,0.6665693521499634,0.9914402961730957,0.8290048099595055,nan,nan
CHASE-DB1,2026,Baseline coarse mask,YES,0.5,5,0.5,0,1.5,0.7393284440040588,0.5864560604095459,0.9648475646972656,0.6599000096321106,0.9897664785385132,0.8248332506081866,nan,nan
CHASE-DB1,2026,LU-Net+RA+Diff(20),YES,0.5,5,0.5,20,1.5,0.3417360186576843,0.2060806006193161,0.9366455078125,0.20981165766716003,0.9984602332115173,0.9077035376036915,452.1297499886714,2.211754479825882
CHASE-DB1,2026,LU-Net+RA+Diff(20),YES,0.5,5,0.5,20,1.5,0.34292498230934143,0.20694595575332642,0.9387626647949219,0.21153360605239868,0.9981884956359863,0.9011114051251748,452.1297499886714,2.211754479825882
CHASE-DB1,2026,LU-Net+RA+Diff(50),YES,0.5,5,0.5,50,1.5,0.045159146189689636,0.023101188242435455,0.9232139587402344,0.02316639944911003,0.9997599124908447,0.7740693730546991,1147.8171499911696,0.8712189045160139
CHASE-DB1,2026,LU-Net+RA+Diff(50),YES,0.5,5,0.5,50,1.5,0.039385583251714706,0.02008838951587677,0.925567626953125,0.020198959857225418,0.9995502233505249,0.7671868628943335,1147.8171499911696,0.8712189045160139
CHASE-DB1,2026,AE reconstruction (GT input; sanity only),NO,0.5,5,0.5,0,1.5,0.9997329711914062,0.999466061592102,0.9999580383300781,0.999854326248169,0.9999668598175049,0.9999999788913314,nan,nan
CHASE-DB1,2026,AE reconstruction (GT input; sanity only),NO,0.5,5,0.5,0,1.5,0.9999253749847412,0.9998507499694824,0.9999885559082031,0.9999502301216125,0.9999917149543762,0.9999999759510853,nan,nan
CHASE-DB1,2026,Baseline coarse mask,YES,0.5,5,0.5,0,1.5,0.7702385187149048,0.626331627368927,0.9664154052734375,0.7166027426719666,0.9877127408981323,0.8521577344176898,nan,nan
CHASE-DB1,2026,Baseline coarse mask,YES,0.5,5,0.5,0,1.5,0.7438443303108215,0.5921593904495239,0.9659500122070312,0.6447761058807373,0.9926211833953857,0.8186986478590177,nan,nan
CHASE-DB1,2026,LU-Net+RA+Diff(20),YES,0.5,5,0.5,20,1.5,0.42015504837036133,0.26594701409339905,0.9400787353515625,0.276356041431427,0.9966632127761841,0.9178695031808675,454.7859999584034,2.1988363759910468
CHASE-DB1,2026,LU-Net+RA+Diff(20),YES,0.5,5,0.5,20,1.5,0.3868199288845062,0.23978720605373383,0.940582275390625,0.2444278597831726,0.9983928799629211,0.8956883963821881,454.7859999584034,2.1988363759910468
CHASE-DB1,2026,LU-Net+RA+Diff(50),YES,0.5,5,0.5,50,1.5,0.05364524573087692,0.02756190486252308,0.9231491088867188,0.027727868407964706,0.9994866251945496,0.7787008907106039,1110.0993000436574,0.9008203139671132
CHASE-DB1,2026,LU-Net+RA+Diff(50),YES,0.5,5,0.5,50,1.5,0.04497649520635605,0.02300560288131237,0.9248313903808594,0.023084577172994614,0.9997149109840393,0.7568220579071558,1110.0993000436574,0.9008203139671132
CHASE-DB1,2026,AE reconstruction (GT input; sanity only),NO,0.5,5,0.5,0,1.5,0.9995912909507751,0.999182939529419,0.9999351501464844,0.9997114539146423,0.9999544024467468,0.9999999165184489,nan,nan
CHASE-DB1,2026,AE reconstruction (GT input; sanity only),NO,0.5,5,0.5,0,1.5,0.9996853470802307,0.9993708729743958,0.9999465942382812,0.9996404051780701,0.9999749660491943,0.9999999115606124,nan,nan
CHASE-DB1,2026,Baseline coarse mask,YES,0.5,5,0.5,0,1.5,0.753632664680481,0.6046633124351501,0.9653968811035156,0.6671475172042847,0.9910958409309387,0.8291216866873677,nan,nan
CHASE-DB1,2026,Baseline coarse mask,YES,0.5,5,0.5,0,1.5,0.7791502475738525,0.6382032632827759,0.9661712646484375,0.7031509876251221,0.9905626177787781,0.8468568015530572,nan,nan
CHASE-DB1,2026,LU-Net+RA+Diff(20),YES,0.5,5,0.5,20,1.5,0.3716278374195099,0.22822044789791107,0.9374465942382812,0.23316983878612518,0.9981313347816467,0.9000541809811426,437.94879998313263,2.2833719376295
CHASE-DB1,2026,LU-Net+RA+Diff(20),YES,0.5,5,0.5,20,1.5,0.39139053225517273,0.2433098554611206,0.934417724609375,0.24848294258117676,0.9980283379554749,0.9123287110647897,437.94879998313263,2.2833719376295
CHASE-DB1,2026,LU-Net+RA+Diff(50),YES,0.5,5,0.5,50,1.5,0.043549519032239914,0.022259455174207687,0.9220848083496094,0.022360069677233696,0.9996105432510376,0.7741214211881414,1100.7818499929272,0.9084452110165382
CHASE-DB1,2026,LU-Net+RA+Diff(50),YES,0.5,5,0.5,50,1.5,0.04819066822528839,0.024690253660082817,0.9168205261230469,0.024812335148453712,0.9995414614677429,0.7859063043946091,1100.7818499929272,0.9084452110165382
CHASE-DB1,2026,AE reconstruction (GT input; sanity only),NO,0.5,5,0.5,0,1.5,0.9996222853660583,0.9992448687553406,0.9999427795410156,0.9996474385261536,0.9999669790267944,0.9999999509444292,nan,nan
CHASE-DB1,2026,AE reconstruction (GT input; sanity only),NO,0.5,5,0.5,0,1.5,0.9997955560684204,0.9995911717414856,0.999969482421875,0.9997955560684204,0.9999834895133972,0.999999967762721,nan,nan
CHASE-DB1,2026,Baseline coarse mask,YES,0.5,5,0.5,0,1.5,0.7604687213897705,0.613513171672821,0.9676399230957031,0.6781828999519348,0.9913614988327026,0.8347722185883777,nan,nan
CHASE-DB1,2026,Baseline coarse mask,YES,0.5,5,0.5,0,1.5,0.771777331829071,0.6283692121505737,0.9675483703613281,0.7351903915405273,0.9862890243530273,0.8607396968811044,nan,nan
CHASE-DB1,2026,LU-Net+RA+Diff(20),YES,0.5,5,0.5,20,1.5,0.37468576431274414,0.23053127527236938,0.9402198791503906,0.23645246028900146,0.9978950619697571,0.8978571013000665,459.037049964536,2.1784733935468985
CHASE-DB1,2026,LU-Net+RA+Diff(20),YES,0.5,5,0.5,20,1.5,0.40519991517066956,0.25407567620277405,0.9424018859863281,0.26286736130714417,0.9972091317176819,0.9187525004895458,459.037049964536,2.1784733935468985
CHASE-DB1,2026,LU-Net+RA+Diff(50),YES,0.5,5,0.5,50,1.5,0.04133935645222664,0.02110593020915985,0.9255142211914062,0.021202659234404564,0.9996244311332703,0.767087912472709,1112.7498499699868,0.8986745763452335
CHASE-DB1,2026,LU-Net+RA+Diff(50),YES,0.5,5,0.5,50,1.5,0.05275660753250122,0.02709297090768814,0.9269866943359375,0.027242524549365044,0.9995548129081726,0.7900783027387001,1112.7498499699868,0.8986745763452335
CHASE-DB1,2026,AE reconstruction (GT input; sanity only),NO,0.5,5,0.5,0,1.5,0.9995115399360657,0.9990235567092896,0.9999237060546875,0.9991698861122131,0.9999876022338867,0.9999999436256302,nan,nan
CHASE-DB1,2026,AE reconstruction (GT input; sanity only),NO,0.5,5,0.5,0,1.5,0.999699592590332,0.9993993639945984,0.9999542236328125,0.9996495246887207,0.9999793767929077,0.99999997849953,nan,nan
CHASE-DB1,2026,Baseline coarse mask,YES,0.5,5,0.5,0,1.5,0.7711458206176758,0.6275323629379272,0.9657745361328125,0.7381219863891602,0.9850661158561707,0.8615940412582009,nan,nan
CHASE-DB1,2026,Baseline coarse mask,YES,0.5,5,0.5,0,1.5,0.7498801946640015,0.5998466610908508,0.9621696472167969,0.7442675232887268,0.9801420569419861,0.8622047983930086,nan,nan
CHASE-DB1,2026,LU-Net+RA+Diff(20),YES,0.5,5,0.5,20,1.5,0.4015856981277466,0.2512400448322296,0.9389610290527344,0.2621710002422333,0.9963130950927734,0.912362094715474,459.32470000116155,2.1771091343388917
CHASE-DB1,2026,LU-Net+RA+Diff(20),YES,0.5,5,0.5,20,1.5,0.4103655517101288,0.2581509053707123,0.9397621154785156,0.27510765194892883,0.9945822954177856,0.9168605430194241,459.32470000116155,2.1771091343388917
CHASE-DB1,2026,LU-Net+RA+Diff(50),YES,0.5,5,0.5,50,1.5,0.0425289012491703,0.021726449951529503,0.9232215881347656,0.02182723768055439,0.9996069073677063,0.7834405971398755,1144.8403500253335,0.8734842373243322
CHASE-DB1,2026,LU-Net+RA+Diff(50),YES,0.5,5,0.5,50,1.5,0.043442342430353165,0.022203456610441208,0.9249076843261719,0.022379092872142792,0.9993475675582886,0.7886422499350324,1144.8403500253335,0.8734842373243322
CHASE-DB1,2026,AE reconstruction (GT input; sanity only),NO,0.5,5,0.5,0,1.5,0.9997346997261047,0.9994695782661438,0.9999656677246094,0.9998821020126343,0.9999714493751526,0.9999996222239893,nan,nan
CHASE-DB1,2026,AE reconstruction (GT input; sanity only),NO,0.5,5,0.5,0,1.5,0.9998499155044556,0.9996998310089111,0.9999809265136719,0.9998798966407776,0.999987781047821,0.9999999958418844,nan,nan
CHASE-DB1,2026,Baseline coarse mask,YES,0.5,5,0.5,0,1.5,0.7535368800163269,0.6045400500297546,0.9643135070800781,0.843169629573822,0.9726938605308533,0.90793174491551,nan,nan
CHASE-DB1,2026,Baseline coarse mask,YES,0.5,5,0.5,0,1.5,0.8135899305343628,0.6857577562332153,0.9755744934082031,0.8390176296234131,0.9848384857177734,0.9119280698546586,nan,nan
CHASE-DB1,2026,LU-Net+RA+Diff(20),YES,0.5,5,0.5,20,1.5,0.47644782066345215,0.31272169947624207,0.9504776000976562,0.3482695519924164,0.9921364784240723,0.9363060116098003,460.03899996867403,2.173728749232335
CHASE-DB1,2026,LU-Net+RA+Diff(20),YES,0.5,5,0.5,20,1.5,0.4633477032184601,0.3015305995941162,0.9529991149902344,0.3193827271461487,0.9959835410118103,0.9455461141302047,460.03899996867403,2.173728749232335
CHASE-DB1,2026,LU-Net+RA+Diff(50),YES,0.5,5,0.5,50,1.5,0.0528109036386013,0.027121609076857567,0.936370849609375,0.027415836229920387,0.9992495179176331,0.8128901782487004,1063.3653500117362,0.9404105559664543
CHASE-DB1,2026,LU-Net+RA+Diff(50),YES,0.5,5,0.5,50,1.5,0.05124629661440849,0.026296958327293396,0.9377098083496094,0.02648012526333332,0.9995274543762207,0.8272804984238222,1063.3653500117362,0.9404105559664543
CHASE-DB1,2026,AE reconstruction (GT input; sanity only),NO,0.5,5,0.5,0,1.5,0.9997738003730774,0.9995476603507996,0.9999771118164062,0.9999246001243591,0.9999799132347107,0.9999999972728941,nan,nan
CHASE-DB1,2026,AE reconstruction (GT input; sanity only),NO,0.5,5,0.5,0,1.5,0.9996289014816284,0.9992580413818359,0.9999618530273438,0.9997773170471191,0.999971866607666,0.9999999820888785,nan,nan
CHASE-DB1,2026,Baseline coarse mask,YES,0.5,5,0.5,0,1.5,0.7961709499359131,0.6613655090332031,0.9778251647949219,0.8561840057373047,0.9843059182167053,0.9202449768951103,nan,nan
CHASE-DB1,2026,Baseline coarse mask,YES,0.5,5,0.5,0,1.5,0.7971836924552917,0.662764310836792,0.9784622192382812,0.8236953616142273,0.9868462085723877,0.9052707625390098,nan,nan
CHASE-DB1,2026,LU-Net+RA+Diff(20),YES,0.5,5,0.5,20,1.5,0.46395453810691833,0.3020448088645935,0.9618492126464844,0.326395183801651,0.9957048296928406,0.946376906753073,439.56129997968674,2.274995546801351
CHASE-DB1,2026,LU-Net+RA+Diff(20),YES,0.5,5,0.5,20,1.5,0.465362012386322,0.30323895812034607,0.9621696472167969,0.3203919529914856,0.9969357252120972,0.9360227596358509,439.56129997968674,2.274995546801351
CHASE-DB1,2026,LU-Net+RA+Diff(50),YES,0.5,5,0.5,50,1.5,0.05654069781303406,0.029092812910676003,0.9504776000976562,0.02933635003864765,0.9995540380477905,0.8256509789716376,1173.455849988386,0.8521837442882041
CHASE-DB1,2026,LU-Net+RA+Diff(50),YES,0.5,5,0.5,50,1.5,0.053276047110557556,0.02736702747642994,0.9495658874511719,0.027614876627922058,0.9995093941688538,0.8203061625437867,1173.455849988386,0.8521837442882041
CHASE-DB1,2026,AE reconstruction (GT input; sanity only),NO,0.5,5,0.5,0,1.5,0.9996652007102966,0.9993305802345276,0.9999580383300781,0.9995738863945007,0.9999837279319763,0.999999972749495,nan,nan
CHASE-DB1,2026,AE reconstruction (GT input; sanity only),NO,0.5,5,0.5,0,1.5,0.999291718006134,0.9985844492912292,0.9999122619628906,0.999630331993103,0.9999308586120605,0.9999996662836699,nan,nan
CHASE-DB1,2026,Baseline coarse mask,YES,0.5,5,0.5,0,1.5,0.7541599273681641,0.6053425073623657,0.9645500183105469,0.8676649332046509,0.9710275530815125,0.9193462449872399,nan,nan
CHASE-DB1,2026,Baseline coarse mask,YES,0.5,5,0.5,0,1.5,0.7644591331481934,0.6187242269515991,0.9689445495605469,0.8139362931251526,0.9791755676269531,0.896555928416828,nan,nan
CHASE-DB1,2026,LU-Net+RA+Diff(20),YES,0.5,5,0.5,20,1.5,0.46976256370544434,0.3069867193698883,0.9518699645996094,0.3402118384838104,0.9927639961242676,0.9443526505404798,483.17219997989014,2.0696554976499484
CHASE-DB1,2026,LU-Net+RA+Diff(20),YES,0.5,5,0.5,20,1.5,0.4669549763202667,0.30459311604499817,0.9534492492675781,0.3293081223964691,0.9946444630622864,0.9236818403445843,483.17219997989014,2.0696554976499484
CHASE-DB1,2026,LU-Net+RA+Diff(50),YES,0.5,5,0.5,50,1.5,0.04574855789542198,0.023409761488437653,0.9380950927734375,0.023679085075855255,0.9992308020591736,0.8319550086146674,1180.126199964434,0.8473670019614322
CHASE-DB1,2026,LU-Net+RA+Diff(50),YES,0.5,5,0.5,50,1.5,0.04727597534656525,0.024210268631577492,0.9389610290527344,0.024459367617964745,0.999320924282074,0.8122417398414318,1180.126199964434,0.8473670019614322
CHASE-DB1,2026,AE reconstruction (GT input; sanity only),NO,0.5,5,0.5,0,1.5,0.9994980096817017,0.9989965558052063,0.9999465942382812,0.9993547201156616,0.9999798536300659,0.9999996735616946,nan,nan
CHASE-DB1,2026,AE reconstruction (GT input; sanity only),NO,0.5,5,0.5,0,1.5,0.9997139573097229,0.9994280934333801,0.999969482421875,1.0,0.9999677538871765,0.999999987029206,nan,nan
CHASE-DB1,2026,Baseline coarse mask,YES,0.5,5,0.5,0,1.5,0.8255588412284851,0.7029376029968262,0.9804420471191406,0.8698644638061523,0.9866557717323303,0.9282601241686556,nan,nan
CHASE-DB1,2026,Baseline coarse mask,YES,0.5,5,0.5,0,1.5,0.8070758581161499,0.6765525937080383,0.9778671264648438,0.8680973052978516,0.9840508699417114,0.9260740757087144,nan,nan
CHASE-DB1,2026,LU-Net+RA+Diff(20),YES,0.5,5,0.5,20,1.5,0.4761165380477905,0.3124363124370575,0.9613838195800781,0.32982003688812256,0.9968734383583069,0.9504328532786791,496.86729995300993,2.012609805665562
CHASE-DB1,2026,LU-Net+RA+Diff(20),YES,0.5,5,0.5,20,1.5,0.5055021643638611,0.33824214339256287,0.9621162414550781,0.3630901277065277,0.9958615899085999,0.9424542672574799,496.86729995300993,2.012609805665562
CHASE-DB1,2026,LU-Net+RA+Diff(50),YES,0.5,5,0.5,50,1.5,0.04734467342495918,0.024246303364634514,0.9476509094238281,0.024449702352285385,0.9995285868644714,0.8309277170176379,1228.7548499880359,0.8138319861034419
CHASE-DB1,2026,LU-Net+RA+Diff(50),YES,0.5,5,0.5,50,1.5,0.04523066431283951,0.02313861809670925,0.9474983215332031,0.023319026455283165,0.9995607733726501,0.8228175526502975,1228.7548499880359,0.8138319861034419
CHASE-DB1,2026,AE reconstruction (GT input; sanity only),NO,0.5,5,0.5,0,1.5,0.999760627746582,0.9995213150978088,0.9999656677246094,0.9998403787612915,0.999975323677063,0.9999999790116637,nan,nan
CHASE-DB1,2026,AE reconstruction (GT input; sanity only),NO,0.5,5,0.5,0,1.5,0.9997419118881226,0.9994839429855347,0.9999618530273438,0.9996902942657471,0.999983549118042,0.9999999617300238,nan,nan
CHASE-DB1,2026,Baseline coarse mask,YES,0.5,5,0.5,0,1.5,0.7815189957618713,0.6413878798484802,0.9670791625976562,0.8211853504180908,0.978347897529602,0.8997666194943313,nan,nan
CHASE-DB1,2026,Baseline coarse mask,YES,0.5,5,0.5,0,1.5,0.7977084517478943,0.6634899973869324,0.9683456420898438,0.8444823026657104,0.9782304167747498,0.9113563598592019,nan,nan
CHASE-DB1,2026,LU-Net+RA+Diff(20),YES,0.5,5,0.5,20,1.5,0.450929194688797,0.291096568107605,0.9454498291015625,0.31240689754486084,0.9943455457687378,0.9318693570168589,476.6588500351645,2.0979365009717688
CHASE-DB1,2026,LU-Net+RA+Diff(20),YES,0.5,5,0.5,20,1.5,0.4427146315574646,0.28428614139556885,0.9437408447265625,0.3023639917373657,0.9949252605438232,0.9391665569487713,476.6588500351645,2.0979365009717688
CHASE-DB1,2026,LU-Net+RA+Diff(50),YES,0.5,5,0.5,50,1.5,0.05380935221910477,0.027648551389575005,0.9298362731933594,0.027825068682432175,0.9995068907737732,0.8151858203408273,1279.0795000037178,0.7818122329355551
CHASE-DB1,2026,LU-Net+RA+Diff(50),YES,0.5,5,0.5,50,1.5,0.05412140116095543,0.027813348919153214,0.9275970458984375,0.028027253225445747,0.9993862509727478,0.8220489656775677,1279.0795000037178,0.7818122329355551
CHASE-DB1,2026,AE reconstruction (GT input; sanity only),NO,0.5,5,0.5,0,1.5,0.999782919883728,0.9995659589767456,0.9999732971191406,0.9998139142990112,0.9999837279319763,0.9999999906726447,nan,nan
CHASE-DB1,2026,AE reconstruction (GT input; sanity only),NO,0.5,5,0.5,0,1.5,0.9998486638069153,0.9996973872184753,0.9999809265136719,0.9999394416809082,0.9999837279319763,0.9999999866904933,nan,nan
CHASE-DB1,2026,Baseline coarse mask,YES,0.5,5,0.5,0,1.5,0.7871990203857422,0.6490752100944519,0.9733657836914062,0.8009178638458252,0.9846678972244263,0.8927928997791706,nan,nan
CHASE-DB1,2026,Baseline coarse mask,YES,0.5,5,0.5,0,1.5,0.7797307372093201,0.6389825344085693,0.9714126586914062,0.8030027747154236,0.9827379584312439,0.8928703843023568,nan,nan
CHASE-DB1,2026,LU-Net+RA+Diff(20),YES,0.5,5,0.5,20,1.5,0.4501473605632782,0.2904452681541443,0.9537391662597656,0.3078640401363373,0.9960694313049316,0.9307870355851815,567.164350009989,1.7631573634386362
CHASE-DB1,2026,LU-Net+RA+Diff(20),YES,0.5,5,0.5,20,1.5,0.4290638864040375,0.2731262445449829,0.9513511657714844,0.29010775685310364,0.9958188533782959,0.9354776149589005,567.164350009989,1.7631573634386362
CHASE-DB1,2026,LU-Net+RA+Diff(50),YES,0.5,5,0.5,50,1.5,0.05662744119763374,0.029138747602701187,0.9397544860839844,0.02939717099070549,0.9994187355041504,0.8079807433371776,1255.463050038088,0.7965188620801401
CHASE-DB1,2026,LU-Net+RA+Diff(50),YES,0.5,5,0.5,50,1.5,0.05112044885754585,0.02623068541288376,0.9379730224609375,0.02651652693748474,0.9992671608924866,0.8089431110242766,1255.463050038088,0.7965188620801401
CHASE-DB1,2026,AE reconstruction (GT input; sanity only),NO,0.5,5,0.5,0,1.5,0.9997510313987732,0.9995022416114807,0.9999656677246094,0.9997233748435974,0.9999836087226868,0.9999999916133494,nan,nan
CHASE-DB1,2026,AE reconstruction (GT input; sanity only),NO,0.5,5,0.5,0,1.5,0.999804675579071,0.9996094107627869,0.9999771118164062,0.9998697638511658,0.9999837875366211,0.9999999934035337,nan,nan
CHASE-DB1,2026,Baseline coarse mask,YES,0.5,5,0.5,0,1.5,0.8138436079025269,0.6861183047294617,0.9740028381347656,0.824131429195404,0.9851025342941284,0.9046169787122655,nan,nan
CHASE-DB1,2026,Baseline coarse mask,YES,0.5,5,0.5,0,1.5,0.7850398421287537,0.6461445093154907,0.9733390808105469,0.8310216665267944,0.9821951985359192,0.9066084281388744,nan,nan
CHASE-DB1,2026,LU-Net+RA+Diff(20),YES,0.5,5,0.5,20,1.5,0.433856725692749,0.2770223915576935,0.9478721618652344,0.2896658480167389,0.9966198205947876,0.9412155398466306,461.07399999164045,2.1688492520032154
CHASE-DB1,2026,LU-Net+RA+Diff(20),YES,0.5,5,0.5,20,1.5,0.4755551517009735,0.31195300817489624,0.9562149047851562,0.33886826038360596,0.9946309924125671,0.9478536758311813,461.07399999164045,2.1688492520032154
CHASE-DB1,2026,LU-Net+RA+Diff(50),YES,0.5,5,0.5,50,1.5,0.05288461595773697,0.027160493656992912,0.9323654174804688,0.027384376153349876,0.9993895292282104,0.8152373087962894,1200.4569999990053,0.8330160930385916
CHASE-DB1,2026,LU-Net+RA+Diff(50),YES,0.5,5,0.5,50,1.5,0.05743306875228882,0.02956555411219597,0.9426536560058594,0.029823532328009605,0.9994570016860962,0.8145412867267998,1200.4569999990053,0.8330160930385916
